{
    "Delay Code": "General",
    "Average Delay Time (minutes)": 7.77218651716122,
    "Median Delay Time (minutes)": 5.0,
    "Delays per Year": 7313.0,
    "Delays per Month": 664.8181818181819,
    "Delays per Day": 21.85159362549801,
    "Std Deviation Time (minutes)": 14.266860956504331,
    "90th Percentile (minutes)": 14.0,
    "Years": " 2023 - 2025"
}