{
    "Code Specific General Delay Stats": [
        {
            "Delay Code": [
                "SUUT",
                "MUPR1"
            ],
            "Average Delay Time (minutes)": 18.817194570135747,
            "Median Delay Time (minutes)": 10.0,
            "Delays per Year": 368.3333333333333,
            "Delays per Month": 32.5,
            "Delays per Day": 1.7078825347758888,
            "Std Deviation Time (minutes)": 26.574258025130305,
            "90th Percentile (minutes)": 36.0,
            "Years": " 2023 - 2025",
            "Code Name": "Track Intrusion"
        },
        {
            "Delay Code": [
                "SUDP"
            ],
            "Average Delay Time (minutes)": 6.907080968031073,
            "Median Delay Time (minutes)": 5.0,
            "Delays per Year": 1115.6666666666667,
            "Delays per Month": 98.44117647058823,
            "Delays per Day": 3.454076367389061,
            "Std Deviation Time (minutes)": 5.46799912212857,
            "90th Percentile (minutes)": 13.400000000000091,
            "Years": " 2023 - 2025",
            "Code Name": "Disorderly Patron"
        },
        {
            "Delay Code": [
                "MUPLB"
            ],
            "Average Delay Time (minutes)": 32.352112676056336,
            "Median Delay Time (minutes)": 23.0,
            "Delays per Year": 47.333333333333336,
            "Delays per Month": 4.303030303030303,
            "Delays per Day": 1.136,
            "Std Deviation Time (minutes)": 41.157231327439966,
            "90th Percentile (minutes)": 63.0,
            "Years": " 2023 - 2025",
            "Code Name": "Fire: Track Level"
        }
    ]
}