{
    "Delay Code": "General",
    "Average Delay Time (minutes)": 7.756639518413598,
    "Median Delay Time (minutes)": 5.0,
    "Delays per Year": 7530.666666666667,
    "Delays per Month": 664.4705882352941,
    "Delays per Day": 21.828019323671498,
    "Std Deviation Time (minutes)": 14.111471839232266,
    "90th Percentile (minutes)": 14.0,
    "Years": " 2023 - 2025"
}